/* 이름: demo_madang.sql */
/* 설명 */
 
/* root 계정으로 접속, madang 데이터베이스 생성, madang 계정 생성 */
/* MySQL Workbench에서 초기화면에서 +를 눌러 root connection을 만들어 접속한다. */
DROP DATABASE IF EXISTS  madang;
DROP USER IF EXISTS  madang@localhost;
create user madang@localhost identified WITH mysql_native_password  by 'madang';
create database madang;
grant all privileges on madang.* to madang@localhost with grant option;
commit;

/* madang DB 자료 생성 */
/* 이후 실습은 MySQL Workbench에서 초기화면에서 +를 눌러 madang connection을 만들어 접속하여 사용한다. */
 
USE madang;

CREATE TABLE Book (
  bookid      SMALLINT PRIMARY KEY,
  bookname    VARCHAR(40),
  publisher   VARCHAR(40),
  price       INT 
);

CREATE TABLE  Customer (
  custid      SMALLINT PRIMARY KEY,  
  name        VARCHAR(40),
  address     VARCHAR(50),
  phone       VARCHAR(20)
);

CREATE TABLE Orders (
  orderid SMALLINT PRIMARY KEY,
  custid  SMALLINT ,
  bookid  SMALLINT ,
  saleprice INT ,
  orderdate DATE,
  FOREIGN KEY (custid) REFERENCES Customer(custid),
  FOREIGN KEY (bookid) REFERENCES Book(bookid)
);

INSERT INTO Book VALUES(1, '축구의 역사', '굿스포츠', 7000);
INSERT INTO Book VALUES(2, '배구 아는 여자', '나무수', 13000);
INSERT INTO Book VALUES(3, '축구의 이해', '대한미디어', 22000);
INSERT INTO Book VALUES(4, '골프 바이블', '대한미디어', 35000);
INSERT INTO Book VALUES(5, '피겨 교본', '굿스포츠', 8000);
INSERT INTO Book VALUES(6, '배구의 기술', '굿스포츠', 6000);
INSERT INTO Book VALUES(7, '야구의 추억', '이상미디어', 20000);
INSERT INTO Book VALUES(8, '야구를 부탁해', '이상미디어', 13000);
INSERT INTO Book VALUES(9, '올림픽 이야기', '삼성당', 7500);
INSERT INTO Book VALUES(10, 'Olympic Champions', 'Pearson', 13000);

INSERT INTO Customer VALUES (1, '손흥민', '영국 런던', '000-5000-0001');
INSERT INTO Customer VALUES (2, '김연아', '대한민국 서울', '000-6000-0001');  
INSERT INTO Customer VALUES (3, '김연경', '대한민국 인천', '000-7000-0001');
INSERT INTO Customer VALUES (4, '이정후', '미국 샌프란시스코', '000-8000-0001');
INSERT INTO Customer VALUES (5, '박세리', '대한민국 대전',  NULL);

INSERT INTO Orders VALUES (1, 1, 1, 6000, STR_TO_DATE('2014-07-01','%Y-%m-%d')); 
INSERT INTO Orders VALUES (2, 1, 3, 21000, STR_TO_DATE('2014-07-03','%Y-%m-%d'));
INSERT INTO Orders VALUES (3, 2, 5, 8000, STR_TO_DATE('2014-07-03','%Y-%m-%d')); 
INSERT INTO Orders VALUES (4, 3, 6, 6000, STR_TO_DATE('2014-07-04','%Y-%m-%d')); 
INSERT INTO Orders VALUES (5, 4, 7, 20000, STR_TO_DATE('2014-07-05','%Y-%m-%d'));
INSERT INTO Orders VALUES (6, 1, 2, 12000, STR_TO_DATE('2014-07-07','%Y-%m-%d'));
INSERT INTO Orders VALUES (7, 4, 8, 13000, STR_TO_DATE( '2014-07-07','%Y-%m-%d'));
INSERT INTO Orders VALUES (8, 3, 10, 12000, STR_TO_DATE('2014-07-08','%Y-%m-%d')); 
INSERT INTO Orders VALUES (9, 2, 10, 7000, STR_TO_DATE('2014-07-09','%Y-%m-%d')); 
INSERT INTO Orders VALUES (10, 3, 8, 13000, STR_TO_DATE('2014-07-10','%Y-%m-%d'));

-- 여기는 3장에서 사용되는 Imported_book 테이블
CREATE TABLE Imported_Book (
  bookid      SMALLINT,
  bookname    VARCHAR(40),
  publisher   VARCHAR(40),
  price       SMALLINT 
);

INSERT INTO Imported_Book VALUES(21, 'Zen Golf', 'Pearson', 12000);
INSERT INTO Imported_Book VALUES(22, 'Soccer Skills', 'Human Kinetics', 15000);
commit;